calebbrown;9
Sam Kington;4
Cugel;7
Manny O.;0
Michael Roberts;6
virtualmic;5
Yulia;0
brutustea;95
Christopher Jacobsen;0
user506290;11
Tka Lex;0
sandeep agrawal;0
Michael McGowan;1
tonklon;4
yorami;0
user396636;0
RIRedinPA;1
weedogt;2
341008;11
Nilbert;6
User3419;6
kubas;166
Rui Jiang;3
ayush singhal;0
inchury;-2
omshanti;2
Darko Petreski;5
OlliD;0
psaghelyi;2
recursive404;1
wonderer09;0
mangajin;0
RaviKoda;1
Luca Bortot;1
bessarabov;5
Martijn Arts;0
nickjohn;2
austrianuser;1
souter;1
Cistoran;2
Ben Kotvis;2
Aris Bartee;3
Jeremiah Burley;13
J. Peterson;5
Stephen Petschulat;3
Shuaib;1
New to iPhone;3
Jenny Smith;13
tephlon;0
Pascal Paradis;5
Matthew M.;11
Gabriel Sosa;3
user21714;6
Bent André Solheim;2
Joe Chryst;11
buxtehude;1
droope;1
ceasterday;2
tonyunfang;4
Scribbleno1;1
Anzo31;9
rnr_never_dies;25
paramjeet;0
Thirty;1
TechnoGuy;3
skelley;1
mtkopone;1
Muniu;1
greshi gupta;8
Mubeen;5
itshanney;0
OomJan;0
Mark Hernandez;1
stoic;2
Jonathan Romanowski;0
Gorchestopher H;5
Robert Mark Bram;1
overflow;0
dzs;4
Michal Tjokov;0
nandeesh;0
princess;0
Ron's Brain;3
Rikki;3
Laxmilal;1
Klinky;4
iamkoa;15
Petr Šnobelt;1
Dandy;2
Kenoyer130;3
max tottenham;3
Minh;2
barophobia;3
Toms Mikoss;21
gyaani_guy;1
Viktor Larsson;0
tokland;7
Paul Looijmans;70
Raviprakash;2
chuckj;17
Saint Domino;7
Gavin H;6
Donato Azevedo;1
denis phillips;6
Andy Hume;25
elif;89
Johnula;0
Nooshu;1
Frank C.;11
Ahammad Firoj;-1
futlib;2
Kahlan;1
Krang;1
Pola Edward;2
capdragon;3
boneill;5
hkalan2007;0
ilkdrl;6
Pittor;0
xamar;1
adeeti;0
Safirio;4
TimeHorse;1
Development 4.0;3
Travis Webb;2
seteropere;1
shashank saket;0
TehNrd;4
user327485;0
Schneems;1
fmaste;6
Mark Blades;2
Elger Mensonides;0
UnknownGuy;4
Finbarr;7
Tim Danner;5
Bruce van der Kooij;11
ikaushan;19
grumblebee;3
Rolf Kristensen;3
git;8
MetalGeorge;0
guyndjeng;0
Alex Chrome;8
Ramesh India;0
Carlos Rubio;17
Yary;0
MusuNaji;2
Harry Hacker;1
Herks;21
Om Shukla;-3
Darragh Bailey;3
Coepr;32
Ananymous;4
ginu;0
evgenyl;3
Libor;2
Jacob de Lacey;5
back2dos;1
Urkle;15
nehz;0
brtc;4
ramoneguru;2
"bubbles ";1
Mbolland;10
Brains1994;2
Faraz Kelhini;1
PFlans;0
Sakis Tourloumpoukis;1
kerrygould;2
Nick Olsen;1
Marcus Andromeda;2
alfonx;3
zervin;0
Stephen Roller;4
user317819;0
Carlos Alloatti;2
php_oracle;1
kopos;5
Cranberry Headache;3
Dublinclontarf;1
Acatl Pacheco;7
Jonathon Bolster;4
tavod;0
Dunnie;12
user302935;1
Jonatan B;2
nagates;0
namespaceform;3
Juliana Machado;0
Winder;3
Vydee;1
Axiverse;4
dacracot;5
Zenshai;25
chuckrector;39
Oliver Ruehl;0
cvoeller;0
user80143;1
adario;0
